0002_0000000001,,0002_0000000001,umadmin,2019/9/4 21:25,umadmin,2019/9/4 21:25,Demo_subsys_design_1,34,,Demo_subsys_design_1,,,,105,129,sub system,0001_0000000001
0002_0000000002,,0002_0000000002,umadmin,2019/9/4 21:25,umadmin,2019/9/4 21:25,Demo_subsys_design_2,34,,Demo_subsys_design_2,,,,105,129,sub system,0001_0000000001
0002_0000000003,,0002_0000000003,umadmin,2019/9/4 21:25,umadmin,2019/9/4 21:25,Demo_subsys_design_3,34,,Demo_subsys_design_3,,,,105,129,sub system,0001_0000000001
0002_0000000004,,0002_0000000004,umadmin,2019/9/4 21:25,umadmin,2019/9/4 21:25,Demo_subsys_design_4,34,,Demo_subsys_design_4,,,,105,129,sub system,0001_0000000001
0002_0000000005,,0002_0000000005,umadmin,2019/9/4 21:25,umadmin,2019/9/4 21:25,Demo_subsys_design_5,34,,Demo_subsys_design_5,,,,105,129,sub system,0001_0000000001
0002_0000000006,,0002_0000000006,umadmin,2019/9/4 21:25,umadmin,2019/9/4 21:25,Demo_subsys_design_6,34,,Demo_subsys_design_6,,,,105,129,sub system,0001_0000000002
0002_0000000007,,0002_0000000007,umadmin,2019/9/4 21:25,umadmin,2019/9/4 21:25,Demo_subsys_design_7,34,,Demo_subsys_design_7,,,,105,129,sub system,0001_0000000002
0002_0000000008,,0002_0000000008,umadmin,2019/9/4 21:25,umadmin,2019/9/4 21:25,Demo_subsys_design_8,34,,Demo_subsys_design_8,,,,105,129,sub system,0001_0000000002
0002_0000000009,,0002_0000000009,umadmin,2019/9/4 21:25,umadmin,2019/9/4 21:25,Demo_subsys_design_9,34,,Demo_subsys_design_9,,,,105,129,sub system,0001_0000000002
0002_0000000010,,0002_0000000010,umadmin,2019/9/4 21:25,umadmin,2019/9/4 21:25,Demo_subsys_design_10,34,,Demo_subsys_design_10,,,,105,129,sub system,0001_0000000002
0002_0000000011,,0002_0000000011,umadmin,2019/9/4 21:25,umadmin,2019/9/4 21:25,Demo_subsys_design_11,34,,Demo_subsys_design_11,,,,105,129,sub system,0001_0000000003
0002_0000000012,,0002_0000000012,umadmin,2019/9/4 21:25,umadmin,2019/9/4 21:25,Demo_subsys_design_12,34,,Demo_subsys_design_12,,,,105,129,sub system,0001_0000000003
0002_0000000013,,0002_0000000013,umadmin,2019/9/4 21:25,umadmin,2019/9/4 21:25,Demo_subsys_design_13,34,,Demo_subsys_design_13,,,,105,129,sub system,0001_0000000003
0002_0000000014,,0002_0000000014,umadmin,2019/9/4 21:25,umadmin,2019/9/4 21:25,Demo_subsys_design_14,34,,Demo_subsys_design_14,,,,105,129,sub system,0001_0000000003
0002_0000000015,,0002_0000000015,umadmin,2019/9/4 21:25,umadmin,2019/9/4 21:25,Demo_subsys_design_15,34,,Demo_subsys_design_15,,,,105,129,sub system,0001_0000000003
0002_0000000016,,0002_0000000016,umadmin,2019/9/4 21:25,umadmin,2019/9/4 21:25,Demo_subsys_design_16,34,,Demo_subsys_design_16,,,,105,129,sub system,0001_0000000004
0002_0000000017,,0002_0000000017,umadmin,2019/9/4 21:25,umadmin,2019/9/4 21:25,Demo_subsys_design_17,34,,Demo_subsys_design_17,,,,105,129,sub system,0001_0000000004
0002_0000000018,,0002_0000000018,umadmin,2019/9/4 21:25,umadmin,2019/9/4 21:25,Demo_subsys_design_18,34,,Demo_subsys_design_18,,,,105,129,sub system,0001_0000000004
0002_0000000019,,0002_0000000019,umadmin,2019/9/4 21:25,umadmin,2019/9/4 21:25,Demo_subsys_design_19,34,,Demo_subsys_design_19,,,,105,129,sub system,0001_0000000004
0002_0000000020,,0002_0000000020,umadmin,2019/9/4 21:25,umadmin,2019/9/4 21:25,Demo_subsys_design_20,34,,Demo_subsys_design_20,,,,105,129,sub system,0001_0000000004
0002_0000000021,,0002_0000000021,umadmin,2019/9/4 21:25,umadmin,2019/9/4 21:25,Demo_subsys_design_21,34,,Demo_subsys_design_21,,,,105,129,sub system,0001_0000000005
0002_0000000022,,0002_0000000022,umadmin,2019/9/4 21:25,umadmin,2019/9/4 21:25,Demo_subsys_design_22,34,,Demo_subsys_design_22,,,,105,129,sub system,0001_0000000005
0002_0000000023,,0002_0000000023,umadmin,2019/9/4 21:25,umadmin,2019/9/4 21:25,Demo_subsys_design_23,34,,Demo_subsys_design_23,,,,105,129,sub system,0001_0000000005
0002_0000000024,,0002_0000000024,umadmin,2019/9/4 21:25,umadmin,2019/9/4 21:25,Demo_subsys_design_24,34,,Demo_subsys_design_24,,,,105,129,sub system,0001_0000000005
0002_0000000025,,0002_0000000025,umadmin,2019/9/4 21:25,umadmin,2019/9/4 21:25,Demo_subsys_design_25,34,,Demo_subsys_design_25,,,,105,129,sub system,0001_0000000005
0002_0000000026,,0002_0000000026,umadmin,2019/9/4 21:25,umadmin,2019/9/4 21:25,Demo_subsys_design_26,34,,Demo_subsys_design_26,,,,105,129,sub system,0001_0000000006
0002_0000000027,,0002_0000000027,umadmin,2019/9/4 21:25,umadmin,2019/9/4 21:25,Demo_subsys_design_27,34,,Demo_subsys_design_27,,,,105,129,sub system,0001_0000000006
0002_0000000028,,0002_0000000028,umadmin,2019/9/4 21:25,umadmin,2019/9/4 21:25,Demo_subsys_design_28,34,,Demo_subsys_design_28,,,,105,129,sub system,0001_0000000006
0002_0000000029,,0002_0000000029,umadmin,2019/9/4 21:25,umadmin,2019/9/4 21:25,Demo_subsys_design_29,34,,Demo_subsys_design_29,,,,105,129,sub system,0001_0000000006
0002_0000000030,,0002_0000000030,umadmin,2019/9/4 21:25,umadmin,2019/9/4 21:25,Demo_subsys_design_30,34,,Demo_subsys_design_30,,,,105,129,sub system,0001_0000000006
0002_0000000031,,0002_0000000031,umadmin,2019/9/4 21:25,umadmin,2019/9/4 21:25,Demo_subsys_design_31,34,,Demo_subsys_design_31,,,,105,129,sub system,0001_0000000007
0002_0000000032,,0002_0000000032,umadmin,2019/9/4 21:25,umadmin,2019/9/4 21:25,Demo_subsys_design_32,34,,Demo_subsys_design_32,,,,105,129,sub system,0001_0000000007
0002_0000000033,,0002_0000000033,umadmin,2019/9/4 21:25,umadmin,2019/9/4 21:25,Demo_subsys_design_33,34,,Demo_subsys_design_33,,,,105,129,sub system,0001_0000000007
0002_0000000034,,0002_0000000034,umadmin,2019/9/4 21:25,umadmin,2019/9/4 21:25,Demo_subsys_design_34,34,,Demo_subsys_design_34,,,,105,129,sub system,0001_0000000007
0002_0000000035,,0002_0000000035,umadmin,2019/9/4 21:25,umadmin,2019/9/4 21:25,Demo_subsys_design_35,34,,Demo_subsys_design_35,,,,105,129,sub system,0001_0000000007
0002_0000000036,,0002_0000000036,umadmin,2019/9/4 21:25,umadmin,2019/9/4 21:25,Demo_subsys_design_36,34,,Demo_subsys_design_36,,,,105,129,sub system,0001_0000000008
0002_0000000037,,0002_0000000037,umadmin,2019/9/4 21:25,umadmin,2019/9/4 21:25,Demo_subsys_design_37,34,,Demo_subsys_design_37,,,,105,129,sub system,0001_0000000008
0002_0000000038,,0002_0000000038,umadmin,2019/9/4 21:25,umadmin,2019/9/4 21:25,Demo_subsys_design_38,34,,Demo_subsys_design_38,,,,105,129,sub system,0001_0000000008
0002_0000000039,,0002_0000000039,umadmin,2019/9/4 21:25,umadmin,2019/9/4 21:25,Demo_subsys_design_39,34,,Demo_subsys_design_39,,,,105,129,sub system,0001_0000000008
0002_0000000040,,0002_0000000040,umadmin,2019/9/4 21:25,umadmin,2019/9/4 21:25,Demo_subsys_design_40,34,,Demo_subsys_design_40,,,,105,129,sub system,0001_0000000008
0002_0000000041,,0002_0000000041,umadmin,2019/9/4 21:25,umadmin,2019/9/4 21:25,Demo_subsys_design_41,34,,Demo_subsys_design_41,,,,105,129,sub system,0001_0000000009
0002_0000000042,,0002_0000000042,umadmin,2019/9/4 21:25,umadmin,2019/9/4 21:25,Demo_subsys_design_42,34,,Demo_subsys_design_42,,,,105,129,sub system,0001_0000000009
0002_0000000043,,0002_0000000043,umadmin,2019/9/4 21:25,umadmin,2019/9/4 21:25,Demo_subsys_design_43,34,,Demo_subsys_design_43,,,,105,129,sub system,0001_0000000009
0002_0000000044,,0002_0000000044,umadmin,2019/9/4 21:25,umadmin,2019/9/4 21:25,Demo_subsys_design_44,34,,Demo_subsys_design_44,,,,105,129,sub system,0001_0000000009
0002_0000000045,,0002_0000000045,umadmin,2019/9/4 21:25,umadmin,2019/9/4 21:25,Demo_subsys_design_45,34,,Demo_subsys_design_45,,,,105,129,sub system,0001_0000000009
0002_0000000046,,0002_0000000046,umadmin,2019/9/4 21:25,umadmin,2019/9/4 21:25,Demo_subsys_design_46,34,,Demo_subsys_design_46,,,,105,129,sub system,0001_0000000010
0002_0000000047,,0002_0000000047,umadmin,2019/9/4 21:25,umadmin,2019/9/4 21:25,Demo_subsys_design_47,34,,Demo_subsys_design_47,,,,105,129,sub system,0001_0000000010
0002_0000000048,,0002_0000000048,umadmin,2019/9/4 21:25,umadmin,2019/9/4 21:25,Demo_subsys_design_48,34,,Demo_subsys_design_48,,,,105,129,sub system,0001_0000000010
0002_0000000049,,0002_0000000049,umadmin,2019/9/4 21:25,umadmin,2019/9/4 21:25,Demo_subsys_design_49,34,,Demo_subsys_design_49,,,,105,129,sub system,0001_0000000010
0002_0000000050,,0002_0000000050,umadmin,2019/9/4 21:25,umadmin,2019/9/4 21:25,Demo_subsys_design_50,34,,Demo_subsys_design_50,,,,105,129,sub system,0001_0000000010
